structure,n,position,operation,avg_time_ns,movements,theoretical_complexity,ops_performed
DynamicArray,100,beginning,insert,3096044.0,600500,O(n),1000
DynamicArray,100,beginning,remove,719333.6,4950,O(n),100
LinkedList,100,beginning,insert,395646.8,1000,O(1),1000
LinkedList,100,beginning,remove,75679.8,100,O(1),100
DynamicArray,100,middle,insert,340574.8,550500,O(n),1000
DynamicArray,100,middle,remove,8705.6,1225,O(n),50
LinkedList,100,middle,insert,656544.6,50000,O(n),1000
LinkedList,100,middle,remove,9061.8,2500,O(n),50
DynamicArray,1000,beginning,insert,1248151.4,1500500,O(n),1000
DynamicArray,1000,beginning,remove,2922601.2,499500,O(n),1000
LinkedList,1000,beginning,insert,62333.4,1000,O(1),1000
LinkedList,1000,beginning,remove,800163.6,1000,O(1),1000
DynamicArray,1000,middle,insert,562691.6,1000500,O(n),1000
DynamicArray,1000,middle,remove,292019.8,124750,O(n),500
LinkedList,1000,middle,insert,877630.0,500000,O(n),1000
LinkedList,1000,middle,remove,1019426.0,250000,O(n),500
DynamicArray,10000,beginning,insert,5467098.0,10500500,O(n),1000
DynamicArray,10000,beginning,remove,4699375.4,9499500,O(n),1000
LinkedList,10000,beginning,insert,12024.4,1000,O(1),1000
LinkedList,10000,beginning,remove,401533.2,1000,O(1),1000
DynamicArray,10000,middle,insert,4448244.2,5500500,O(n),1000
DynamicArray,10000,middle,remove,4886401.8,4499500,O(n),1000
LinkedList,10000,middle,insert,21536541.2,5000000,O(n),1000
LinkedList,10000,middle,remove,18174251.2,5000000,O(n),1000
DynamicArray,100000,beginning,insert,86315370.4,100500500,O(n),1000
DynamicArray,100000,beginning,remove,79233777.2,99499500,O(n),1000
LinkedList,100000,beginning,insert,1531095.2,1000,O(1),1000
LinkedList,100000,beginning,remove,9657.2,1000,O(1),1000
DynamicArray,100000,middle,insert,35699263.2,50500500,O(n),1000
DynamicArray,100000,middle,remove,27086587.6,49499500,O(n),1000
LinkedList,100000,middle,insert,125578006.2,50000000,O(n),1000
LinkedList,100000,middle,remove,112755534.6,50000000,O(n),1000
